Crypto,Would You Shop at Tesla Using Dogecoin?

Crypto,"Conmen made $1.3 bn via romance scams in 5 years, crypto biggest lure"

Crypto,Bitcoin paradise? Briton creates crypto utopia in South Pacific

Crypto,Intel Launches Blockchain Chip To Tap Crypto Boom

Crypto,OpenSea's NFT Free-for-All

Crypto,Crypto Investors Face More Uncertainty After Rocky Start To 2022

Crypto,Shiba Inu Token Surges 48% as It Enters the Metaverse

Crypto,Robinhood Is Planning to Go 'Crypto First' With Global Expansion

Crypto,Intel Launches New Chip for Crypto Mining and Making NFTs

Crypto,Founder shuts down platform that sold Dorseys tweet as NFT

Crypto,"Crypto Market Had Rocky Start to 2022, and Investors Are Worried"

Crypto,Digital skill requirement in 21st century engineering education

Crypto,3 Top Things to Look at Before Buying Shiba Inu

Crypto,Bank freezes Freedom Convoy donations

Crypto,What are meme coins? From Shiba Inu to Dogecoin

Crypto,Uniswap V3 Based Universe Finance Reveals Plans of Launch

Crypto,"Chinese bitcoin miner exodus faces hurdles as equipment remains stuck from shipment delays, tariffs and legal quagmire"

Crypto,Binance invests $200 million in Forbes just two years after suing it for defamation

Crypto,Argentinian Tax Authority Will Be Able to Confiscate Digital Wallets to Collect Tax Debts

Oil,US warns Russia could attack Ukraine any day

Oil,Q3 FY results: OIL makes Rs 2257.30-crore profit

Oil,Ministry eager to soothe oil misery

Oil,Opportunities in India-B'desh relations through paradiplomacy

Oil,Big Oil Books Biggest Cash Flow Since 2008

Oil,SPRC takes flak over second oil slick

Oil,Want the Upside of Owning Oil and a Dividend Too? This Energy Producer Might Be for You

Oil,"ONGC Q3 Results: Profit Surges Sevenfold Meeting Estimates On Higher Prices, Other Income"

Oil,OPEC Production Problems Push Oil Prices Higher

Oil,"ONGC Q3 results: Net profit surges seven-fold to Rs 8,764 cr"

Oil,ONGC Invites Tenders For The Construction of Chemistry Laboratory - RC1DC22001(E-TENDER)

Oil,Oil price boom: Crude soars high as rumours over Ukraine invasion surge

Oil,Oil Prices Spike On Rumors Russia Is Preparing To Invade Ukraine

Oil,$90 Oil: Chevron and Caterpillar's 2020 Acquisitions Are Paying Off Big Time

Oil,"Dow Plunges 500 Points, Oil Prices Surge Amid Fears That Russia Will Soon Invade Ukraine"

Oil,Iran Oil Exports Jump Over 1 Million Bpd

Oil,Oil prices hitting $120 barrel in 'realm of possibility': Analyst

Oil,Rupee slumps 31 paise to 75.46 against US dollar in early trade

Oil,Oil jumps amid escalating tensions between Russia and Ukraine

EVs,"Lincoln Planning At Least 5 EVs, Includes Navigator Equal: Report"

EVs,The troubled California factory at Teslas core

EVs,Toyota files patent applications for manual transmissions for EVs - Roadshow

EVs,"Wolf+, Gen Next Nanu+ electric scooters with 100 km range launched in India"

EVs,Tesla manufacturing in China and selling in India not digestible: Gadkari

EVs,Maruti-Toyota First EV To Be A Midsize SUV With 500 Km Range

EVs,Porsche Explodes The EVs Arent Good For Long Distance Traveling Myth

EVs,Ohio Can Lead The Electric Vehicle & Clean Energy Economy

EVs,Tata Nexon Midsize SUV Coupe To Use Powerful Petrol & Diesel Engines

EVs,"Ford Reconsiders India After Halting Production, This Time For EVs"

EVs,Chandigarh Administration Approves Electric Vehicle Policy Draft

EVs,SA to roll out EV charging network

EVs,Ford eyes India for electric vehicle production hub

EVs,Toyota invests another $90 million in EV production in the US

EVs,Bajaj-KTM Electric Two-Wheeler Production To Begin This Year

EVs,Ford Could Launch EVs In India  Mustang Mach-E Coming?

EVs,Auto Service Companies Are Preparing for the Electric Vehicle Revolution

EVs,Where did Elon Musk go to college?

Gaming,New Sonic The Hedgehog 2 Movie Super Bowl Trailer Has Knuckles On The Warpath

Gaming,PS5s greatest enemy is Sony not Xbox  Readers Feature

Gaming,"Call of Duty: Modern Warfare Sequel Confirmed, Warzone Getting Massive Evolution"

Gaming,"Konamis Iconic Dating Sim Is Finally Being Translated Into English, Just Not The Version Everyone Wants"

Gaming,Nintendo Hacker Gary Bowser to spend the next two years in prison

Gaming,"More Than 160,000 Battlefield 2042 Players Sign Petition Asking For Money Back"

Gaming,A few things you maybe didnt know about Jazzs new additions

Gaming,Why Deaths Door is the perfect eight hour video game  Readers Feature

Gaming,What are we all playing this weekend?

Gaming,Warzone devs explain why console will not be receiving an FOV Slider

Gaming,"UFC 271 Embedded, part 5 - Im a cerebral fighter"

Gaming,Supernatural is like Peloton but for the metaverse &mdash; here's why the VR fitness app is my new favorite way to work out

Gaming,"Dying Light 2 February 11 Update Released, Patch Notes Revealed"

Gaming,New Xbox Series X Feature Delayed Right Before Release

Gaming,Horizon Zero Dawn passes 20M sales milestone

Gaming,PlayStation first-party game sales: PS4 & PS5 1st party sales so far

Gaming,"PS5 stock UK latest  Playstation 5 console restock to drop at GAME &Amazon plus Argos, Very & Smyths updates"

Gaming,January 2022 NPD: Pokmon tops the charts

Gaming,PS5 UK stock email scam warning: Don't fall for this FREE PlayStation 5 con

Gaming,Uncharted movie is based on the best game of the series

Gaming,PS5 and Xbox demand is strong | GamesBeat Decides 235

Gaming,"Distressing Horror Martha Is Dead Censored on PS5, PS4"

Gaming,"Battlefield 2042 Refund Petition Passes 160,000 Signatures"

Gaming,Report: Warzone Devs: We Fucked Stuff Up. We Broke It.

Gaming,Apex Legends Season 12 Accidentally Gives Some Players Big Advantage

Gaming,"UFC 271 Embedded, part 4 - Practice and patience"

Gaming,Tati Gabrielle shares her favorite memory with Antonio Banderas on the set of Uncharted

Tech,Apple Said to Raise Salary of Its US Employees Effective This Month

Tech,Romance scams cost Americans over $500 million last year

Tech,Former Amazon employee sentenced to 10 months in prison for involvement in bribery scheme

Tech,"Android Circuit: Samsungs Galaxy S22 Surprise, OnePlus Prepares New Nord, Taking Pictures Of The Moon - Forbes"

Tech,OnePlus Nord CE 2 5G key specifications revealed via Amazon listing

Tech,New Kindle Paperwhite (2022): what we want to see

Tech,Trio of asteroids will make close approach to Earth on Valentines Day

Tech,Apple Giving Many U.S. Retail Employees Raises

Tech,Youre charging your iPhone wrong  this cleaning trick could improve charging

Tech,Elon Musk slammed over deadly Neuralink project that could see our brains HACKED

Tech,Apple Top Brass Likely to Be Deposed in US Antitrust Probe Against Google

Tech,Apple worker pay hiked to cope with tighter labor market

Tech,Amazon says vaccinated warehouse workers can now work unmasked

Tech,Google's cookie replacement plan just passed a major hurdle

Tech,Get a Kindle for under 40 with this incredible discount trick on Amazon UK

Tech,"The 10 best Super Bowl TV deals: save up to $700 on 4K, QLED and OLED TVs"

Tech,"Apple iPhone 12 for 38,799, iPhone 12 mini at just 26,799. Check the deals here - Mint"

Tech,Realme 9 Pro Plus with a colour shift design looks unique

Tech,Googles adtech targeted by publisher antitrust complaint in EU

Tech,"In a 'war of life and death' smartphone market, Xiaomi takes aim at Apple"

Tech,"PS5 stock UK latest  Playstation 5 console restock to drop at GAME &Amazon plus Argos, Very & Smyths updates"

Tech,Apple prepares to dole out pay raises to many U.S. retail employees

Tech,Samsung Galaxy S22 Ultra  6 reasons to buy and 3 reasons to skip - Tom's Guide

Tech,"Daily Crunch: At SpaceXs Starship update event, Musk offers updates on plans, progress"

Tech,PS4 and PS5 players can get access to FREE online multiplayer on Valentines Day weekend  heres how

Tech,"Apple Loop: New iPhone Warning, iPad Pros Missing Features, Apples MacBook Pro Mystery"

Tech,"Apple releases new update for iOS, iPadOS, macOS to fix new zero-day vulnerability"

Tech,Thousands fume as Twitter website and app go OFFLINE

Tech,Google Vulnerability Reward Programs paid out $8.7 million in 2021

Tech,"OnePlus Nord CE 2 confirmed details: MediaTek Dimensity 900, three cameras, more"

Tech,Realme GT Neo 3 Gaming Edition's bold and sporty design revealed in a leaked photo

Tech,"Apple iPhone, iPad and Mac owners urgently need to download latest patch"

Tech,Google Search reveals jobs people want amid Covid-19 pandemic

